Date,Time,RawTime,Latitude,Longitude,Altitude,Sats,SatSpeed,Precision,Distance
61120,15:42:36,14423600,48.23142100000001,16.373773,172.8,5,3.3706,2.61,7.63
61120,15:42:41,14424100,48.23145,16.373781,172.2,5,2.8336,2.61,3.28
61120,15:42:46,14424600,48.23147700000001,16.373781,172.5,5,3.3892,2.6,3.0
61120,15:42:51,14425100,48.231429,16.37376,172.3,5,2.278,2.6,5.56
61120,15:42:56,14425600,48.231195,16.373704999999998,177.6,5,3.7225,2.6,26.34
61120,15:43:01,14430100,48.231015,16.373694,180.3,5,6.8154,2.59,20.03
61120,15:43:06,14430600,48.230927,16.373727,186.5,5,3.8336,2.59,10.09
61120,15:43:11,14431100,48.230905,16.373775,184.5,5,2.4817,2.59,4.32
61120,15:43:16,14431600,48.230789,16.373766,183.2,5,5.4264,2.58,12.92
61120,15:43:21,14432100,48.230691,16.373754,185.7,5,7.445,2.58,10.93
61120,15:43:46,14434600,48.230929,16.373603,198.1,5,2.9817,2.56,28.73
61120,15:43:51,14435100,48.230944,16.373553,206.6,5,0.4445,2.56,4.06
61120,15:43:56,14435600,48.230901,16.373521,212.2,5,2.4076,2.55,5.34
61120,15:44:01,14440100,48.230904,16.373520000000006,215.7,5,1.2408,2.55,0.34
61120,15:44:06,14440600,48.230898,16.373495000000002,215.5,5,0.3889,2.55,1.97
61120,15:44:11,14441100,48.230856,16.373448,212.5,5,1.1853,2.54,5.82
61120,15:44:16,14441600,48.230805,16.373421,211.1,5,1.3705,2.54,6.01
61120,15:44:21,14442100,48.230725,16.373383,210.5,5,3.5929,2.54,9.33
61120,15:44:26,14442600,48.230694,16.373312,208.1,5,2.9632,2.53,6.29
61120,15:44:31,14443100,48.230626,16.373217,206.7,5,4.8337,2.53,10.33
61120,15:44:36,14443600,48.230639,16.373161,204.5,5,1.6298,2.53,4.39
61120,15:44:41,14444100,48.2305,16.373057,202.5,5,5.2412,2.52,17.27
61120,15:44:46,14444600,48.230415,16.372962,200.1,5,4.5374,2.52,11.78
61120,15:44:51,14445100,48.230418,16.372923,198.9,5,0.46299999999999997,2.52,2.91
61120,15:44:56,14445600,48.230337,16.372832,199.1,5,1.7964,2.52,11.25
61120,15:45:01,14450100,48.23024,16.372768,198.5,5,0.5741,2.51,11.78
61120,15:45:06,14450600,48.230212,16.372675,196.8,5,2.9076,2.51,7.56
61120,15:45:11,14451100,48.230254,16.372647,194.9,5,1.815,2.51,5.11
61120,15:45:16,14451600,48.23025300000001,16.372621,193.0,5,0.2408,2.5,1.93
61120,15:45:21,14452100,48.230214,16.3726,192.5,5,1.9076,2.5,4.61
61120,15:45:26,14452600,48.230189,16.372585,189.5,5,1.2964,2.5,2.99
61120,15:45:31,14453100,48.230092,16.372559,185.6,5,3.7039999999999997,2.49,10.96
61120,15:45:36,14453600,48.229933,16.372475,179.9,5,6.3524,2.49,18.74
61120,15:45:56,14455600,48.229804,16.372084,166.0,5,1.7594,2.48,32.32
61120,15:46:01,14460100,48.229861,16.37201,167.6,5,1.7594,2.47,8.38
61120,15:46:06,14460600,48.229827,16.371956,166.0,5,1.7594,2.47,5.5
61120,15:46:11,14461100,48.230003,16.371848,163.9,5,4.2781,2.47,21.14
61120,15:46:16,14461600,48.230162,16.371603,172.8,5,4.2781,2.46,25.34
61120,15:46:21,14462100,48.230214,16.371414,175.7,5,4.2781,2.46,15.15
61120,15:46:26,14462600,48.23029,16.371272,184.1,5,4.2781,2.46,13.49
61120,15:46:31,14463100,48.23019,16.371214000000002,185.0,5,4.2781,2.46,11.92
61120,15:46:36,14463600,48.230083,16.371168,186.2,5,4.2781,2.45,12.38
61120,15:46:41,14464100,48.229985,16.371159,185.0,5,4.2781,2.45,10.92
61120,15:46:46,14464600,48.229952,16.371152,185.6,5,4.2781,2.45,3.71
61120,15:46:51,14465100,48.22988400000001,16.371082,186.2,5,5.6116,2.44,9.17
61120,15:47:38,14473800,48.229634,16.370667,189.4,5,2.8336,2.42,41.45
61120,15:48:07,14480700,48.229567,16.370301,186.3,5,2.1113,2.4,28.12
61120,15:48:12,14481200,48.229538,16.370146,195.0,5,8.0006,2.4,11.93
61120,15:48:17,14481700,48.229511,16.369997,200.1,5,3.9077,2.39,11.44
61120,15:48:22,14482200,48.229562,16.36992,200.9,5,2.5558,2.39,8.04
61120,15:48:27,14482700,48.229582,16.369868,202.2,5,0.3519,2.39,4.45
61120,15:48:32,14483200,48.229585,16.369823999999998,203.4,5,1.2964,2.38,3.28
61120,15:48:37,14483700,48.229567,16.369782,202.7,5,0.2222,2.38,3.7
61120,15:48:42,14484200,48.229458,16.369742000000002,205.1,5,1.4631,2.38,12.48
61120,15:48:47,14484700,48.22949600000001,16.369692999999998,201.8,5,0.6297,2.38,5.57
61120,15:48:52,14485200,48.229474,16.369692,202.4,5,1.6853,2.37,2.45
61120,15:48:57,14485700,48.229456,16.369692999999998,199.9,5,1.2038,2.37,2.0
61120,15:49:02,14490200,48.229401,16.369694,196.8,5,2.0557,2.37,6.12
61120,15:49:07,14490700,48.229341,16.369626999999998,196.4,5,5.4264,2.37,8.32
61120,15:49:12,14491200,48.229321,16.369638000000002,197.0,5,1.7964,2.36,2.37
61120,15:49:17,14491700,48.229246,16.369642000000002,197.2,5,4.7041,2.36,8.34
61120,15:49:22,14492200,48.229118,16.369605,197.7,5,9.0933,2.36,14.49
61120,15:49:32,14493200,48.228858,16.369601,205.2,5,10.3342,2.35,28.91
61120,15:49:37,14493700,48.228826,16.369467,206.4,5,10.4082,2.35,10.54
61120,15:49:42,14494200,48.228821,16.369379000000002,206.4,5,5.13,2.35,6.54
61120,15:49:47,14494700,48.22888,16.369293,207.4,5,5.1115,2.34,9.14
61120,15:49:52,14495200,48.228916,16.369232,204.9,5,4.593,2.34,6.04
61120,15:49:57,14495700,48.228872,16.36919,204.0,5,2.5928,2.34,5.8
61120,15:50:02,14500200,48.228865,16.369135999999994,204.7,5,3.241,2.34,4.07
61120,15:50:07,14500700,48.228835,16.369062,208.7,5,6.056,2.33,6.42
61120,15:50:12,14501200,48.228849,16.368964000000002,211.3,5,6.2042,2.33,7.42
61120,15:50:17,14501700,48.228908,16.368909,213.2,5,2.1854,2.33,7.72
61120,15:50:22,14502200,48.22897800000001,16.368884,215.1,5,0.5,2.33,8.0
61120,15:50:27,14502700,48.228943,16.368816,219.4,5,2.4261,2.32,6.37
61120,15:50:32,14503200,48.22885,16.368758,222.3,5,3.8336,2.32,11.2
61120,15:50:37,14503700,48.228856,16.368721,222.7,5,1.1297,2.32,2.82
61120,15:50:42,14504200,48.228848,16.368684,220.7,5,1.0742,2.32,2.88
61120,15:50:47,14504700,48.228848,16.368662,219.9,5,1.0371,2.31,1.63
61120,15:50:52,14505200,48.228843,16.36865,220.6,5,1.2223,2.31,1.05
61120,15:50:57,14505700,48.22889,16.368617,220.8,5,2.2039,2.31,5.77
61120,15:51:02,14510200,48.22890200000001,16.368613,222.1,5,0.9259999999999999,2.31,1.37
61120,15:51:07,14510700,48.228917,16.368555999999998,219.6,5,2.0187,2.3,4.54
61120,15:51:12,14511200,48.228966,16.368542,218.6,5,0.889,2.3,5.55
61120,15:51:17,14511700,48.229025,16.36855,217.6,5,0.6667,2.3,6.59
61120,15:51:22,14512200,48.229043,16.368601,217.8,5,1.6668,2.3,4.28
61120,15:51:27,14512700,48.229057,16.368591000000002,217.3,5,1.0001,2.29,1.72
61120,15:51:32,14513200,48.229017,16.3686,217.2,5,0.889,2.29,4.5
61120,15:51:37,14513700,48.229007,16.368620999999994,216.2,5,1.2779,2.29,1.91
61120,15:51:42,14514200,48.228983,16.368671,213.9,5,3.6484,2.29,4.56
61120,15:51:47,14514700,48.22900300000001,16.368758,210.7,5,4.4633,2.28,6.82
61120,15:51:52,14515200,48.22903,16.368827,208.8,5,3.7596,2.28,5.93
61120,15:51:57,14515700,48.229084,16.368907999999998,206.8,5,5.5745,2.28,8.49
61120,15:52:02,14520200,48.229108,16.368988,205.9,5,4.7041,2.28,6.5
61120,15:52:07,14520700,48.229109,16.369024,204.3,5,1.9446,2.28,2.67
61120,15:52:12,14521200,48.229123,16.369032999999998,202.9,5,1.5927,2.27,1.69
61120,15:52:17,14521700,48.229139,16.36905,202.2,5,1.7409,2.27,2.18
61120,15:52:22,14522200,48.229074,16.369023000000002,200.8,5,2.2409,2.27,7.5
61120,15:52:27,14522700,48.229031,16.369011999999998,199.4,5,3.0743,2.27,4.85
61120,15:52:32,14523200,48.22903400000001,16.369024,197.3,5,1.0927,2.26,0.95
61120,15:52:37,14523700,48.229063,16.369027,196.6,5,0.1667,2.26,3.23
61120,15:52:42,14524200,48.229097,16.368993,195.5,5,2.3335,2.26,4.54
61120,15:52:47,14524700,48.229092,16.368972,194.5,5,0.5556,2.26,1.65
61120,15:52:52,14525200,48.229061,16.368935999999998,194.0,5,0.5926,2.25,4.36
61120,15:52:57,14525700,48.229053,16.368931,194.3,5,0.7408,2.25,0.96
61120,15:53:02,14530200,48.229075,16.368954000000002,195.1,5,1.5001,2.25,2.98
61120,15:53:07,14530700,48.229082,16.368964000000002,195.2,5,0.46299999999999997,2.25,1.07
61120,15:53:12,14531200,48.229094,16.368975,195.1,5,0.8334,2.25,1.56
61120,15:53:17,14531700,48.229128,16.369004,195.7,5,1.7779,2.24,4.35
61120,15:53:22,14532200,48.229147,16.369007,195.8,5,1.2779,2.24,2.12
61120,15:53:27,14532700,48.229106,16.36898,190.1,5,0.6852,2.24,4.98
61120,15:53:32,14533200,48.229068,16.368959,187.2,5,0.9816,2.24,4.5
61120,15:53:37,14533700,48.229026,16.368947,183.7,5,1.7038,2.23,4.75
61120,15:53:42,14534200,48.229061,16.369024,183.1,5,4.0374,2.23,6.9
61120,15:53:47,14534700,48.229199,16.369159,184.2,5,6.7598,2.23,18.32
61120,15:53:52,14535200,48.229257,16.369269,185.8,5,4.667,2.23,10.39
61120,15:53:57,14535700,48.229219,16.369334,184.4,5,2.8521,2.23,6.41
61120,15:54:02,14540200,48.229201,16.369424,181.4,5,3.3706,2.22,6.96
61120,15:54:07,14540700,48.229204,16.36948,179.1,5,3.2966,2.22,4.16
61120,15:54:12,14541200,48.229241,16.369569,177.2,5,4.3337,2.22,7.77
61120,15:54:17,14541700,48.22923400000001,16.369592,176.1,5,1.0001,2.22,1.87
61120,15:54:22,14542200,48.229312,16.369654999999998,177.4,5,4.4263,2.22,9.85
61120,15:54:27,14542700,48.229384,16.369725,179.3,5,4.3152,2.21,9.54
61120,15:54:32,14543200,48.229455,16.369779,180.2,5,4.8708,2.21,8.85
61120,15:54:37,14543700,48.229477,16.369839000000002,181.1,5,4.3337,2.21,5.07
61120,15:54:42,14544200,48.229522,16.3699,182.7,5,2.4632,2.21,6.74
61120,15:54:47,14544700,48.229524,16.369909,182.3,5,0.1296,2.21,0.7
61120,15:54:52,14545200,48.229537,16.369913,182.7,5,1.0186,2.2,1.48
61120,15:54:57,14545700,48.22952,16.369892,183.3,5,1.2964,2.2,2.45
61120,15:55:02,14550200,48.229543,16.369889999999998,183.6,5,1.2408,2.2,2.56
61120,15:55:07,14550700,48.229585,16.369954999999994,184.3,5,3.6114,2.2,6.71
61120,15:55:12,14551200,48.229629,16.369997,184.9,5,3.8522,2.2,5.8
61120,15:55:17,14551700,48.229658,16.370060000000002,187.8,5,3.5558,2.19,5.67
61120,15:55:22,14552200,48.229647,16.370151,190.3,5,3.5929,2.19,6.85
61120,15:55:27,14552700,48.22963,16.370268,192.9,5,4.3152,2.19,8.87
61120,15:55:32,14553200,48.229674,16.370348,193.8,5,3.9077,2.19,7.68
61120,15:55:37,14553700,48.229695,16.370404,194.5,5,2.741,2.19,4.76
61120,15:55:42,14554200,48.22972100000001,16.370499,195.0,5,3.1484,2.18,7.61
61120,15:55:47,14554700,48.229714,16.370549,195.7,5,2.5558,2.18,3.78
61120,15:55:52,14555200,48.229782,16.370616000000002,195.1,5,2.8706,2.18,9.04
61120,15:55:57,14555700,48.229847,16.370701999999998,192.9,5,3.7225,2.18,9.63
61120,15:56:02,14560200,48.229871,16.370793,190.0,5,1.7964,2.18,7.25
61120,15:56:07,14560700,48.229829,16.370859,183.2,5,3.6484,2.18,6.76
61120,15:56:12,14561200,48.229856,16.370957999999998,177.6,5,1.8335,2.17,7.92
61120,15:56:17,14561700,48.229865,16.371053,175.5,5,0.6112,2.17,7.11
61120,15:56:22,14562200,48.22988,16.371113,176.0,5,1.2223,5.06,4.75
61120,15:56:27,14562700,48.229897,16.371187,177.3,5,0.0926,2.17,5.8
61120,15:56:32,14563200,48.229887,16.371247,181.9,5,1.0556,2.17,4.58
61120,15:56:37,14563700,48.22984,16.371235000000002,184.6,5,5.0189,2.17,5.3
61120,15:56:42,14564200,48.229792,16.371291,188.1,4,1.3334,4.97,6.76
61120,15:56:47,14564700,48.229716,16.371288,191.4,5,1.8335,2.16,8.45
61120,15:56:52,14565200,48.229584,16.371263,190.7,5,4.8708,2.16,14.79
61120,15:56:57,14565700,48.229524,16.371259,191.9,5,2.1483,2.16,6.68
61120,15:57:02,14570200,48.22945900000001,16.371226999999998,192.0,5,0.7408,4.88,7.61
61120,15:57:07,14570700,48.229382,16.371171,191.4,5,1.5927,2.15,9.51
61120,15:57:12,14571200,48.229347,16.371106,192.8,5,0.6482,2.15,6.19
61120,15:57:17,14571700,48.229313,16.371064999999998,193.2,5,1.6853,2.15,4.85
61120,15:57:22,14572200,48.229295,16.371037,193.1,4,0.8149,4.79,2.88
61120,15:57:27,14572700,48.229285,16.371026,191.8,5,0.963,4.77,1.38
61120,15:57:32,14573200,48.229281,16.371038000000002,192.6,5,1.5372,2.15,0.99
61120,15:57:37,14573700,48.229324,16.370986,193.5,5,2.0372,2.14,6.14
61120,15:57:47,14574700,48.2293,16.370987,193.2,5,0.7593,3.14,2.67
61120,15:57:52,14575200,48.229268,16.370995999999998,195.2,4,0.963,4.67,3.62
61120,15:57:57,14575700,48.229243,16.371002999999998,195.5,3,1.2038,3.5,2.83
61120,15:58:07,14580700,48.229237,16.371029,195.5,4,0.5926,4.61,2.04
61120,15:58:12,14581200,48.229253,16.371118,195.5,4,3.3892,4.59,6.83
61120,15:58:17,14581700,48.22926,16.371118,195.5,4,0.7038,4.57,0.78
61120,15:58:22,14582200,48.22928,16.371097,195.5,4,0.6667,4.56,2.71
61120,15:58:27,14582700,48.229354,16.371187,195.4,4,4.3152,4.54,10.59
61120,15:58:53,14585300,48.229167,16.370898999999998,195.4,5,0.7408,4.44,29.79
61120,15:58:58,14585800,48.22912,16.3709,195.5,4,0.3704,4.42,5.23
61120,15:59:03,14590300,48.229163,16.370869,195.4,4,3.0188,4.41,5.3
61120,15:59:08,14590800,48.229162,16.370898999999998,195.4,5,2.0742,4.39,2.22
61120,15:59:13,14591300,48.229108,16.370917000000002,195.3,4,0.8519,4.37,6.15
61120,15:59:18,14591800,48.229111,16.370892,195.4,3,1.0742,3.41,1.88
61120,15:59:23,14592300,48.229075,16.370949,195.4,4,2.6854,3.4,5.82
61120,15:59:28,14592800,48.229049,16.370877,195.4,4,1.4075,4.32,6.07
61120,15:59:33,14593300,48.229031,16.370824,195.4,4,1.9076,4.3,4.41
61120,15:59:38,14593800,48.229044,16.370835999999994,195.4,5,0.4445,4.29,1.7
61120,15:59:43,14594300,48.229046,16.37085,195.4,4,0.5371,4.27,1.06
61120,15:59:48,14594800,48.229122,16.370841,195.7,5,1.7038,2.11,8.48
61120,15:59:53,14595300,48.229255,16.370832,196.2,5,5.4264,2.1,14.8
61120,15:59:58,14595800,48.229314,16.370901999999994,196.3,5,4.3707,2.1,8.36
61120,16:00:03,15000300,48.229222,16.371055,196.1,5,9.9267,2.1,15.27
61120,16:00:08,15000800,48.229252,16.371187,195.1,5,3.4632,4.19,10.33
61120,16:00:13,15001300,48.229246,16.371263,195.3,4,4.2226,3.01,5.67
61120,16:00:18,15001800,48.229245,16.371348,195.0,5,3.4818,2.1,6.3
61120,16:00:23,15002300,48.229295,16.371448,194.9,5,2.8706,4.14,9.26
61120,16:00:28,15002800,48.229325,16.371482999999998,194.8,5,0.6482,4.13,4.22
61120,16:00:33,15003300,48.229356,16.371515,194.4,5,0.9816,2.09,4.18
61120,16:00:38,15003800,48.229353,16.371586999999998,193.5,5,1.6298,2.09,5.34
61120,16:00:43,15004300,48.229304,16.371674,192.4,5,2.1298,2.09,8.44
61120,16:00:48,15004800,48.229293,16.371706,191.3,5,0.2037,2.09,2.67
61120,16:00:53,15005300,48.22935,16.371678,190.5,5,3.6299,2.09,6.67
61120,16:00:58,15005800,48.229398,16.371692000000003,189.8,5,3.4632,4.04,5.44
61120,16:01:03,15010300,48.229449,16.371734,188.7,5,4.4263,2.09,6.47
61120,16:01:08,15010800,48.229424,16.371804,186.1,5,2.6854,2.08,5.88
61120,16:01:13,15011300,48.229448,16.371789,183.2,5,1.389,2.08,2.89
61120,16:01:18,15011800,48.229534,16.371745999999998,180.9,5,1.389,3.98,10.08
61120,16:01:23,15012300,48.229572,16.371663,179.5,5,3.0002,3.97,7.46
61120,16:01:28,15012800,48.229597,16.371566,179.9,4,1.3334,3.95,7.7
61120,16:01:33,15013300,48.229633,16.3715,177.8,5,0.9445,3.94,6.32
61120,16:01:38,15013800,48.229675,16.371378,182.3,5,1.3149,2.08,10.17
61120,16:01:43,15014300,48.229681,16.371349,181.7,5,3.0373,2.08,2.25
61120,16:01:48,15014800,48.229687,16.371375,181.7,5,3.0188,2.08,2.04
61120,16:01:53,15015300,48.22971,16.371357999999994,182.4,5,1.4075,2.07,2.85
61120,16:01:58,15015800,48.229702,16.371335000000002,181.5,5,1.0742,2.07,1.92
61120,16:02:03,15020300,48.229668,16.371342000000002,178.1,4,0.4815,2.21,3.82
61120,16:02:08,15020800,48.229623,16.371313,172.6,5,1.0186,2.07,5.45
61120,16:02:13,15021300,48.229559,16.371287,163.4,5,2.1668,3.83,7.37
61120,16:02:18,15021800,48.22953,16.371315,155.1,5,2.9262,2.07,3.83
61120,16:02:23,15022300,48.22949000000001,16.371309,146.7,5,0.5926,2.07,4.47
61120,16:02:28,15022800,48.229454,16.371275,137.6,5,0.3704,2.07,4.73
61120,16:02:33,15023300,48.229406,16.371234,128.4,5,0.6297,2.07,6.14
61120,16:03:16,15031600,48.23001,16.371512,157.2,5,3.1299,2.06,70.25
61120,16:04:50,15045000,48.230598,16.373117999999998,188.8,5,0.8334,2.04,135.74
61120,16:06:13,15061300,48.229241,16.373863,181.1,4,11.3342,3.31,160.67
61120,16:06:18,15061800,48.22926,16.373772,180.8,3,6.8339,6.8,7.06
61120,16:06:40,15064000,48.230204,16.373359,181.3,5,6.8339,2.02,109.33
61120,16:07:18,15071800,48.230475,16.373299,182.4,5,3.6299,2.02,30.46
61120,16:07:52,15075200,48.230606,16.373506,182.9,4,0.8704,3.14,21.15
61120,16:08:14,15081400,48.230642,16.37363,182.9,4,0.2222,3.14,10.02
61120,16:08:19,15081900,48.230644,16.373654000000002,182.9,4,1.2038,3.14,1.79
61120,16:08:24,15082400,48.230629,16.373717000000006,182.9,4,2.5187,3.14,4.96
61120,16:08:29,15082900,48.230669,16.373798999999998,182.9,4,4.8708,3.14,7.53
61120,16:08:34,15083400,48.230687,16.373891,182.9,4,3.1854,3.14,7.1
61120,16:08:39,15083900,48.230687,16.373946,182.9,4,3.3336,3.14,4.07
61120,16:08:49,15084900,48.230756,16.374073000000006,182.9,4,4.0929,3.14,12.14
61120,16:08:54,15085400,48.23075,16.374101,182.9,4,0.5556,3.14,2.18
61120,16:09:02,15090200,48.230742,16.374137,174.7,5,0.9259999999999999,2.86,2.81
61120,16:09:04,15090400,48.23074,16.374144,174.7,5,0.9259999999999999,2.86,0.56
61120,16:09:09,15090900,48.230815,16.374139000000003,174.7,5,1.2223,2.86,8.35
61120,16:09:14,15091400,48.230813,16.374146,174.7,5,0.3519,2.86,0.56
61120,16:09:19,15091900,48.230802,16.374163,174.7,5,0.8519,2.86,1.76
61120,16:09:26,15092600,48.230808,16.374236,171.4,6,3.6484,1.56,5.45
61120,16:09:29,15092900,48.230839,16.374279,171.4,6,3.9077,1.56,4.69
61120,16:09:34,15093400,48.230877,16.37434,171.4,6,2.1854,1.56,6.19
61120,16:09:39,15093900,48.230904,16.374387,171.4,6,3.5003,1.56,4.6
61120,16:09:44,15094400,48.230901,16.374467000000006,171.4,6,2.2965,1.56,5.94
61120,16:09:49,15094900,48.23092800000001,16.374558,171.4,6,4.4263,1.56,7.38
61120,16:09:54,15095400,48.230997,16.374551999999998,171.4,6,5.6671,1.56,7.69
61120,16:09:59,15095900,48.23103,16.374619,171.4,6,6.0746,1.56,6.17
61120,16:10:04,15100400,48.231064,16.374702,171.4,6,3.1114,1.56,7.22
61120,16:10:09,15100900,48.231073,16.374785,171.4,6,2.3706,1.56,6.23
61120,16:10:14,15101400,48.231049,16.374882999999997,171.4,6,3.5744,1.56,7.73
61120,16:10:19,15101900,48.23099000000001,16.374963,171.4,6,3.6299,1.56,8.84
61120,16:10:27,15102700,48.230933,16.375113,169.7,6,3.4447,1.56,12.79
61120,16:10:29,15102900,48.230924,16.375132999999998,169.7,6,2.278,1.56,1.79
61120,16:10:34,15103400,48.23087,16.375189000000002,169.7,6,3.5558,1.56,7.3
61120,16:10:39,15103900,48.23082,16.375223000000002,169.7,6,2.5372,1.56,6.1
61120,16:10:44,15104400,48.230724,16.375346,169.7,6,4.1114,1.56,14.03
61120,16:10:49,15104900,48.230663,16.375414000000006,169.7,6,2.352,1.56,8.45
61120,16:10:57,15105700,48.230563,16.375514000000006,178.1,6,3.278,2.01,13.36
61120,16:10:59,15105900,48.230543,16.375549,178.1,6,3.4632,2.01,3.42
61120,16:11:04,15110400,48.230555,16.375551,178.1,6,1.5186,2.01,1.34
61120,16:11:09,15110900,48.23058,16.375554,178.1,6,0.7593,2.01,2.79
61120,16:11:14,15111400,48.230527,16.375524,178.1,6,4.3337,2.01,6.3
61120,16:11:19,15111900,48.230482,16.375448000000002,178.1,6,5.7597,2.01,7.53
61120,16:11:24,15112400,48.230521,16.375409,178.1,6,3.667,2.01,5.21
61120,16:11:29,15112900,48.230661,16.375441,178.1,6,7.3339,2.01,15.75
61120,16:11:34,15113400,48.23070300000001,16.375441,178.1,6,6.8339,2.01,4.67
61120,16:11:39,15113900,48.230795,16.375279000000006,178.1,6,5.8708,2.01,15.77
61120,16:11:44,15114400,48.230803,16.375201999999998,178.1,6,3.5373,2.01,5.77
61120,16:11:49,15114900,48.230825,16.375148,178.1,6,2.3891,2.01,4.69
61120,16:11:54,15115400,48.23086,16.375127,178.1,6,0.6482,2.01,4.19
61120,16:11:59,15115900,48.230878,16.375109,178.1,6,0.4445,2.01,2.4
61120,16:12:04,15120400,48.230897,16.375104,178.1,6,0.1667,2.01,2.14
61120,16:12:09,15120900,48.23089,16.375106,178.1,6,0.7593,2.01,0.79
61120,16:12:14,15121400,48.230899,16.375104,178.1,6,0.3889,2.01,1.01
61120,16:12:20,15122000,48.230911,16.375095,178.1,6,0.426,2.01,1.49
61120,16:12:24,15122400,48.230914,16.375087,178.1,6,0.7038,2.01,0.68
61120,16:12:29,15122900,48.230925,16.375078,178.1,6,0.3519,2.01,1.39
61120,16:12:34,15123400,48.23092800000001,16.375072,178.1,6,0.6852,2.01,0.56
61120,16:12:39,15123900,48.230941,16.375062,178.1,6,0.5371,2.01,1.62
61120,16:12:44,15124400,48.230945,16.375083,178.1,6,1.7779,2.01,1.62
61120,16:12:54,15125400,48.23092800000001,16.375182000000002,178.1,6,3.6484,2.01,7.57
61120,16:12:59,15125900,48.230944,16.375226,178.1,6,2.352,2.01,3.71
61120,16:13:04,15130400,48.23093400000001,16.37527,178.1,6,2.0187,2.01,3.44
61120,16:13:09,15130900,48.230987,16.375324,178.1,6,2.1668,2.01,7.12
61120,16:13:12,15131200,48.230922,16.375385,182.1,6,4.8522,1.55,8.52
61120,16:13:14,15131400,48.230867,16.37544,182.1,6,8.0192,1.55,7.35
61120,16:13:24,15132400,48.230643,16.375517000000002,182.1,6,5.4264,1.55,25.55
61120,16:13:29,15132900,48.230901,16.375207999999994,182.1,6,2.1298,1.55,36.7
61120,16:13:34,15133400,48.230998,16.375118,182.1,6,2.5743,1.55,12.68
61120,16:13:39,15133900,48.231011,16.375073999999998,182.1,6,0.8704,1.55,3.57
61120,16:13:44,15134400,48.231032,16.375047,182.1,6,0.6482,1.55,3.07
61120,16:13:49,15134900,48.231041,16.374978,182.1,6,3.5188,1.55,5.21
61120,16:13:54,15135400,48.231038,16.374896,182.1,6,2.778,1.55,6.08
61120,16:13:59,15135900,48.231072,16.37485,182.1,6,1.7594,1.55,5.09
61120,16:14:04,15140400,48.231097,16.374832,182.1,6,2.5928,1.55,3.08
61120,16:14:09,15140900,48.23105,16.374817,179.3,6,1.6112,1.54,5.34
61120,16:14:14,15141400,48.231057,16.374745,179.3,6,1.1112,1.54,5.39
61120,16:14:19,15141900,48.231141,16.374737,179.3,6,2.9632,1.54,9.36
61120,16:14:24,15142400,48.231213,16.374737,179.3,6,3.3336,1.54,8.01
61120,16:14:29,15142900,48.231329,16.374692,179.3,6,6.6672,1.54,13.32
61120,16:14:34,15143400,48.231377,16.374666,179.3,6,2.9817,1.54,5.67
61120,16:14:39,15143900,48.231459,16.37469,179.3,6,4.204,1.54,9.29
61120,16:14:44,15144400,48.231522,16.374717999999998,179.3,6,2.6113,1.54,7.31
61120,16:14:49,15144900,48.231622,16.374685,179.3,6,5.3708,1.54,11.38
61120,16:14:54,15145400,48.231691,16.374677,179.3,6,4.0559,1.54,7.7
61120,16:14:59,15145900,48.231777,16.374679,176.9,4,5.0004,2.64,9.56
61120,16:15:04,15150400,48.231801,16.374682999999994,176.9,4,2.315,2.64,2.69
61120,16:15:09,15150900,48.231836,16.374674,176.9,4,1.6853,2.64,3.95
61120,16:15:14,15151400,48.231856,16.374658,176.9,4,1.2408,2.64,2.52
61120,16:15:19,15151900,48.231866,16.374653,173.8,4,1.6853,2.62,1.17
61120,16:15:24,15152400,48.231898,16.374659,173.8,4,3.1854,2.62,3.59
61120,16:15:29,15152900,48.231976,16.374661,173.8,4,6.3524,2.62,8.67
61120,16:15:34,15153400,48.232018,16.374660000000002,173.8,4,3.0188,2.62,4.67
61120,16:15:39,15153900,48.232038,16.374665,173.8,4,1.3334,2.62,2.25
61120,16:15:44,15154400,48.232067,16.374678,173.8,4,2.0002,2.62,3.37
61120,16:15:49,15154900,48.23211,16.374691000000002,173.8,4,2.1298,2.62,4.88
61120,16:15:54,15155400,48.232193,16.374682,173.8,4,4.0188,2.62,9.25
61120,16:15:59,15155900,48.232172,16.374716,173.8,4,0.3519,2.62,3.43
61120,16:16:04,15160400,48.232173,16.374737,173.8,4,1.2223,2.62,1.56
61120,16:16:09,15160900,48.232177,16.374795000000002,173.8,4,0.3704,2.62,4.32
61120,16:16:14,15161400,48.232184,16.374897,173.8,4,0.3704,2.62,7.59
61120,16:16:19,15161900,48.232181,16.374923000000006,168.4,6,0.5371,1.49,1.95
61120,16:16:24,15162400,48.23217800000001,16.374934,170.4,5,0.3334,1.66,0.88
61120,16:16:29,15162900,48.232179,16.374913,174.5,7,1.5557,1.66,1.56
61120,16:16:34,15163400,48.232192,16.374897,183.9,5,0.9259999999999999,1.61,1.87
61120,16:16:39,15163900,48.23220900000001,16.374888000000002,182.0,5,2.3335,2.41,2.0
61120,16:16:44,15164400,48.232211,16.374926000000002,185.2,6,4.7596,1.49,2.82
61120,16:16:49,15164900,48.232262,16.374878,188.4,7,1.4816,1.49,6.69
61120,16:16:54,15165400,48.232325,16.374751999999994,185.5,7,3.3336,1.5,11.67
61120,16:16:59,15165900,48.232309,16.37455,189.4,7,6.519,1.31,15.07
61120,16:17:04,15170400,48.232302,16.374457999999994,193.1,7,3.278,1.49,6.86
61120,16:17:09,15170900,48.232288,16.374378,194.4,6,4.6115,1.47,6.13
61120,16:17:14,15171400,48.232299,16.374234,195.0,7,9.1674,1.5,10.74
61120,16:17:19,15171900,48.232303,16.374136,195.0,6,4.7782,1.47,7.27
61120,16:17:24,15172400,48.232298,16.374043,196.7,7,4.8152,1.31,6.91
61120,16:17:29,15172900,48.232288,16.373938,198.5,7,3.5558,1.47,7.86
61120,16:17:34,15173400,48.232311,16.373872,198.1,6,3.2595,1.47,5.52
61120,16:17:39,15173900,48.232311,16.373786,199.9,6,3.1299,1.47,6.37
61120,16:17:44,15174400,48.2323,16.373714,201.2,5,1.9076,1.51,5.47
61120,16:17:49,15174900,48.232271,16.373638,201.5,6,3.5373,1.47,6.49
61120,16:17:54,15175400,48.232249,16.373592000000002,201.9,6,0.6667,1.47,4.19
61120,16:17:59,15175900,48.232195,16.3736,198.9,6,2.2594,2.03,6.03
61120,16:18:04,15180400,48.2321,16.373603,197.0,5,2.2594,2.03,10.57
61120,16:18:09,15180900,48.232035,16.373611999999998,195.8,5,2.2594,1.51,7.26
61120,16:18:14,15181400,48.231941,16.373632999999998,195.8,5,5.2226,1.51,10.57
61120,16:18:16,15181600,48.231913,16.37365,195.8,5,4.9078,1.51,3.36
