Date;CET Time;Raw Time;Latitude;Longitude;Altitude;Sats;Sat Speed;Precision
61120;15:42:26;14422600;48.231.325;16.373.732;178.00;5;22.409;Feb.62
61120;15:42:31;14423100;48.231.356;16.373.740;174.50;5;0.5000;Feb.61
61120;15:42:36;14423600;48.231.421;16.373.773;172.80;5;33.706;Feb.61
61120;15:42:41;14424100;48.231.450;16.373.781;172.20;5;28.336;Feb.61
61120;15:42:46;14424600;48.231.477;16.373.781;172.50;5;33.892;Feb.60
61120;15:42:51;14425100;48.231.429;16.373.760;172.30;5;22.780;Feb.60
61120;15:42:56;14425600;48.231.195;16.373.705;177.60;5;37.225;Feb.60
61120;15:43:01;14430100;48.231.015;16.373.694;180.30;5;68.154;Feb.59
61120;15:43:06;14430600;48.230.927;16.373.727;186.50;5;38.336;Feb.59
61120;15:43:11;14431100;48.230.905;16.373.775;184.50;5;24.817;Feb.59
61120;15:43:16;14431600;48.230.789;16.373.766;183.20;5;54.264;Feb.58
61120;15:43:21;14432100;48.230.691;16.373.754;185.70;5;74.450;Feb.58
61120;15:43:46;14434600;48.230.929;16.373.603;198.10;5;29.817;Feb.56
61120;15:43:51;14435100;48.230.944;16.373.553;206.60;5;0.4445;Feb.56
61120;15:43:56;14435600;48.230.901;16.373.521;212.20;5;24.076;Feb.55
61120;15:44:01;14440100;48.230.904;16.373.520;215.70;5;12.408;Feb.55
61120;15:44:06;14440600;48.230.898;16.373.495;215.50;5;0.3889;Feb.55
61120;15:44:11;14441100;48.230.856;16.373.448;212.50;5;11.853;Feb.54
61120;15:44:16;14441600;48.230.805;16.373.421;211.10;5;13.705;Feb.54
61120;15:44:21;14442100;48.230.725;16.373.383;210.50;5;35.929;Feb.54
61120;15:44:26;14442600;48.230.694;16.373.312;208.10;5;29.632;Feb.53
61120;15:44:31;14443100;48.230.626;16.373.217;206.70;5;48.337;Feb.53
61120;15:44:36;14443600;48.230.639;16.373.161;204.50;5;16.298;Feb.53
61120;15:44:41;14444100;48.230.500;16.373.057;202.50;5;52.412;Feb.52
61120;15:44:46;14444600;48.230.415;16.372.962;200.10;5;45.374;Feb.52
61120;15:44:51;14445100;48.230.418;16.372.923;198.90;5;0.4630;Feb.52
61120;15:44:56;14445600;48.230.337;16.372.832;199.10;5;17.964;Feb.52
61120;15:45:01;14450100;48.230.240;16.372.768;198.50;5;0.5741;Feb.51
61120;15:45:06;14450600;48.230.212;16.372.675;196.80;5;29.076;Feb.51
61120;15:45:11;14451100;48.230.254;16.372.647;194.90;5;18.150;Feb.51
61120;15:45:16;14451600;48.230.253;16.372.621;193.00;5;0.2408;Feb.50
61120;15:45:21;14452100;48.230.214;16.372.600;192.50;5;19.076;Feb.50
61120;15:45:26;14452600;48.230.189;16.372.585;189.50;5;12.964;Feb.50
61120;15:45:31;14453100;48.230.092;16.372.559;185.60;5;37.040;Feb.49
61120;15:45:36;14453600;48.229.933;16.372.475;179.90;5;63.524;Feb.49
61120;15:45:56;14455600;48.229.804;16.372.084;166.00;5;17.594;Feb.48
61120;15:46:01;14460100;48.229.861;16.372.010;167.60;5;17.594;Feb.47
61120;15:46:06;14460600;48.229.827;16.371.956;166.00;5;17.594;Feb.47
61120;15:46:11;14461100;48.230.003;16.371.848;163.90;5;42.781;Feb.47
61120;15:46:16;14461600;48.230.162;16.371.603;172.80;5;42.781;Feb.46
61120;15:46:21;14462100;48.230.214;16.371.414;175.70;5;42.781;Feb.46
61120;15:46:26;14462600;48.230.290;16.371.272;184.10;5;42.781;Feb.46
61120;15:46:31;14463100;48.230.190;16.371.214;185.00;5;42.781;Feb.46
61120;15:46:36;14463600;48.230.083;16.371.168;186.20;5;42.781;Feb.45
61120;15:46:41;14464100;48.229.985;16.371.159;185.00;5;42.781;Feb.45
61120;15:46:46;14464600;48.229.952;16.371.152;185.60;5;42.781;Feb.45
61120;15:46:51;14465100;48.229.884;16.371.082;186.20;5;56.116;Feb.44
61120;15:46:51;14465100;48.229.884;16.371.082;186.20;5;56.116;Feb.44
61120;15:46:51;14465100;48.229.884;16.371.082;186.20;5;56.116;Feb.44
61120;15:46:51;14465100;48.229.884;16.371.082;186.20;5;56.116;Feb.44
61120;15:46:51;14465100;48.229.884;16.371.082;186.20;5;56.116;Feb.44
61120;15:46:51;14465100;48.229.884;16.371.082;186.20;5;56.116;Feb.44
61120;15:46:51;14465100;48.229.884;16.371.082;186.20;5;56.116;Feb.44
61120;15:46:51;14465100;48.229.884;16.371.082;186.20;5;56.116;Feb.44
61120;15:46:51;14465100;48.229.884;16.371.082;186.20;5;56.116;Feb.44
61120;15:46:51;14465100;48.229.884;16.371.082;186.20;5;56.116;Feb.44
61120;15:47:38;14473800;48.229.634;16.370.667;189.40;5;28.336;Feb.42
61120;15:47:38;14473800;48.229.634;16.370.667;189.40;5;28.336;Feb.42
61120;15:47:38;14473800;48.229.634;16.370.667;189.40;5;28.336;Feb.42
61120;15:47:38;14473800;48.229.634;16.370.667;189.40;5;28.336;Feb.42
61120;15:48:07;14480700;48.229.567;16.370.301;186.30;5;21.113;Feb.40
61120;15:48:12;14481200;48.229.538;16.370.146;195.00;5;80.006;Feb.40
61120;15:48:17;14481700;48.229.511;16.369.997;200.10;5;39.077;Feb.39
61120;15:48:22;14482200;48.229.562;16.369.920;200.90;5;25.558;Feb.39
61120;15:48:27;14482700;48.229.582;16.369.868;202.20;5;0.3519;Feb.39
61120;15:48:32;14483200;48.229.585;16.369.824;203.40;5;12.964;Feb.38
61120;15:48:37;14483700;48.229.567;16.369.782;202.70;5;0.2222;Feb.38
61120;15:48:42;14484200;48.229.458;16.369.742;205.10;5;14.631;Feb.38
61120;15:48:47;14484700;48.229.496;16.369.693;201.80;5;0.6297;Feb.38
61120;15:48:52;14485200;48.229.474;16.369.692;202.40;5;16.853;Feb.37
61120;15:48:57;14485700;48.229.456;16.369.693;199.90;5;12.038;Feb.37
61120;15:49:02;14490200;48.229.401;16.369.694;196.80;5;20.557;Feb.37
61120;15:49:07;14490700;48.229.341;16.369.627;196.40;5;54.264;Feb.37
61120;15:49:12;14491200;48.229.321;16.369.638;197.00;5;17.964;Feb.36
61120;15:49:17;14491700;48.229.246;16.369.642;197.20;5;47.041;Feb.36
61120;15:49:22;14492200;48.229.118;16.369.605;197.70;5;90.933;Feb.36
61120;15:49:32;14493200;48.228.858;16.369.601;205.20;5;103.342;Feb.35
61120;15:49:37;14493700;48.228.826;16.369.467;206.40;5;104.082;Feb.35
61120;15:49:42;14494200;48.228.821;16.369.379;206.40;5;51.300;Feb.35
61120;15:49:47;14494700;48.228.880;16.369.293;207.40;5;51.115;Feb.34
61120;15:49:52;14495200;48.228.916;16.369.232;204.90;5;45.930;Feb.34
61120;15:49:57;14495700;48.228.872;16.369.190;204.00;5;25.928;Feb.34
61120;15:50:02;14500200;48.228.865;16.369.136;204.70;5;32.410;Feb.34
61120;15:50:07;14500700;48.228.835;16.369.062;208.70;5;60.560;Feb.33
61120;15:50:12;14501200;48.228.849;16.368.964;211.30;5;62.042;Feb.33
61120;15:50:17;14501700;48.228.908;16.368.909;213.20;5;21.854;Feb.33
61120;15:50:22;14502200;48.228.978;16.368.884;215.10;5;0.5000;Feb.33
61120;15:50:27;14502700;48.228.943;16.368.816;219.40;5;24.261;Feb.32
61120;15:50:32;14503200;48.228.850;16.368.758;222.30;5;38.336;Feb.32
61120;15:50:37;14503700;48.228.856;16.368.721;222.70;5;11.297;Feb.32
61120;15:50:42;14504200;48.228.848;16.368.684;220.70;5;10.742;Feb.32
61120;15:50:47;14504700;48.228.848;16.368.662;219.90;5;10.371;Feb.31
61120;15:50:52;14505200;48.228.843;16.368.650;220.60;5;12.223;Feb.31
61120;15:50:57;14505700;48.228.890;16.368.617;220.80;5;22.039;Feb.31
61120;15:51:02;14510200;48.228.902;16.368.613;222.10;5;0.9260;Feb.31
61120;15:51:07;14510700;48.228.917;16.368.556;219.60;5;20.187;Feb.30
61120;15:51:12;14511200;48.228.966;16.368.542;218.60;5;0.8890;Feb.30
61120;15:51:17;14511700;48.229.025;16.368.550;217.60;5;0.6667;Feb.30
61120;15:51:22;14512200;48.229.043;16.368.601;217.80;5;16.668;Feb.30
61120;15:51:27;14512700;48.229.057;16.368.591;217.30;5;10.001;Feb.29
61120;15:51:32;14513200;48.229.017;16.368.600;217.20;5;0.8890;Feb.29
61120;15:51:37;14513700;48.229.007;16.368.621;216.20;5;12.779;Feb.29
61120;15:51:42;14514200;48.228.983;16.368.671;213.90;5;36.484;Feb.29
61120;15:51:47;14514700;48.229.003;16.368.758;210.70;5;44.633;Feb.28
61120;15:51:52;14515200;48.229.030;16.368.827;208.80;5;37.596;Feb.28
61120;15:51:57;14515700;48.229.084;16.368.908;206.80;5;55.745;Feb.28
61120;15:52:02;14520200;48.229.108;16.368.988;205.90;5;47.041;Feb.28
61120;15:52:07;14520700;48.229.109;16.369.024;204.30;5;19.446;Feb.28
61120;15:52:12;14521200;48.229.123;16.369.033;202.90;5;15.927;Feb.27
61120;15:52:17;14521700;48.229.139;16.369.050;202.20;5;17.409;Feb.27
61120;15:52:22;14522200;48.229.074;16.369.023;200.80;5;22.409;Feb.27
61120;15:52:27;14522700;48.229.031;16.369.012;199.40;5;30.743;Feb.27
61120;15:52:32;14523200;48.229.034;16.369.024;197.30;5;10.927;Feb.26
61120;15:52:37;14523700;48.229.063;16.369.027;196.60;5;0.1667;Feb.26
61120;15:52:42;14524200;48.229.097;16.368.993;195.50;5;23.335;Feb.26
61120;15:52:47;14524700;48.229.092;16.368.972;194.50;5;0.5556;Feb.26
61120;15:52:52;14525200;48.229.061;16.368.936;194.00;5;0.5926;Feb.25
61120;15:52:57;14525700;48.229.053;16.368.931;194.30;5;0.7408;Feb.25
61120;15:53:02;14530200;48.229.075;16.368.954;195.10;5;15.001;Feb.25
61120;15:53:07;14530700;48.229.082;16.368.964;195.20;5;0.4630;Feb.25
61120;15:53:12;14531200;48.229.094;16.368.975;195.10;5;0.8334;Feb.25
61120;15:53:17;14531700;48.229.128;16.369.004;195.70;5;17.779;Feb.24
61120;15:53:22;14532200;48.229.147;16.369.007;195.80;5;12.779;Feb.24
61120;15:53:27;14532700;48.229.106;16.368.980;190.10;5;0.6852;Feb.24
61120;15:53:32;14533200;48.229.068;16.368.959;187.20;5;0.9816;Feb.24
61120;15:53:37;14533700;48.229.026;16.368.947;183.70;5;17.038;Feb.23
61120;15:53:42;14534200;48.229.061;16.369.024;183.10;5;40.374;Feb.23
61120;15:53:47;14534700;48.229.199;16.369.159;184.20;5;67.598;Feb.23
61120;15:53:52;14535200;48.229.257;16.369.269;185.80;5;46.670;Feb.23
61120;15:53:57;14535700;48.229.219;16.369.334;184.40;5;28.521;Feb.23
61120;15:54:02;14540200;48.229.201;16.369.424;181.40;5;33.706;Feb.22
61120;15:54:07;14540700;48.229.204;16.369.480;179.10;5;32.966;Feb.22
61120;15:54:12;14541200;48.229.241;16.369.569;177.20;5;43.337;Feb.22
61120;15:54:17;14541700;48.229.234;16.369.592;176.10;5;10.001;Feb.22
61120;15:54:22;14542200;48.229.312;16.369.655;177.40;5;44.263;Feb.22
61120;15:54:27;14542700;48.229.384;16.369.725;179.30;5;43.152;Feb.21
61120;15:54:32;14543200;48.229.455;16.369.779;180.20;5;48.708;Feb.21
61120;15:54:37;14543700;48.229.477;16.369.839;181.10;5;43.337;Feb.21
61120;15:54:42;14544200;48.229.522;16.369.900;182.70;5;24.632;Feb.21
61120;15:54:47;14544700;48.229.524;16.369.909;182.30;5;0.1296;Feb.21
61120;15:54:52;14545200;48.229.537;16.369.913;182.70;5;10.186;Feb.20
61120;15:54:57;14545700;48.229.520;16.369.892;183.30;5;12.964;Feb.20
61120;15:55:02;14550200;48.229.543;16.369.890;183.60;5;12.408;Feb.20
61120;15:55:07;14550700;48.229.585;16.369.955;184.30;5;36.114;Feb.20
61120;15:55:12;14551200;48.229.629;16.369.997;184.90;5;38.522;Feb.20
61120;15:55:17;14551700;48.229.658;16.370.060;187.80;5;35.558;Feb.19
61120;15:55:22;14552200;48.229.647;16.370.151;190.30;5;35.929;Feb.19
61120;15:55:27;14552700;48.229.630;16.370.268;192.90;5;43.152;Feb.19
61120;15:55:32;14553200;48.229.674;16.370.348;193.80;5;39.077;Feb.19
61120;15:55:37;14553700;48.229.695;16.370.404;194.50;5;27.410;Feb.19
61120;15:55:42;14554200;48.229.721;16.370.499;195.00;5;31.484;Feb.18
61120;15:55:47;14554700;48.229.714;16.370.549;195.70;5;25.558;Feb.18
61120;15:55:52;14555200;48.229.782;16.370.616;195.10;5;28.706;Feb.18
61120;15:55:57;14555700;48.229.847;16.370.702;192.90;5;37.225;Feb.18
61120;15:56:02;14560200;48.229.871;16.370.793;190.00;5;17.964;Feb.18
61120;15:56:07;14560700;48.229.829;16.370.859;183.20;5;36.484;Feb.18
61120;15:56:12;14561200;48.229.856;16.370.958;177.60;5;18.335;Feb.17
61120;15:56:17;14561700;48.229.865;16.371.053;175.50;5;0.6112;Feb.17
61120;15:56:22;14562200;48.229.880;16.371.113;176.00;5;12.223;05.Jun
61120;15:56:27;14562700;48.229.897;16.371.187;177.30;5;0.0926;Feb.17
61120;15:56:32;14563200;48.229.887;16.371.247;181.90;5;10.556;Feb.17
61120;15:56:37;14563700;48.229.840;16.371.235;184.60;5;50.189;Feb.17
61120;15:56:42;14564200;48.229.792;16.371.291;188.10;4;13.334;Apr.97
61120;15:56:47;14564700;48.229.716;16.371.288;191.40;5;18.335;Feb.16
61120;15:56:52;14565200;48.229.584;16.371.263;190.70;5;48.708;Feb.16
61120;15:56:57;14565700;48.229.524;16.371.259;191.90;5;21.483;Feb.16
61120;15:57:02;14570200;48.229.459;16.371.227;192.00;5;0.7408;Apr.88
61120;15:57:07;14570700;48.229.382;16.371.171;191.40;5;15.927;Feb.15
61120;15:57:12;14571200;48.229.347;16.371.106;192.80;5;0.6482;Feb.15
61120;15:57:17;14571700;48.229.313;16.371.065;193.20;5;16.853;Feb.15
61120;15:57:22;14572200;48.229.295;16.371.037;193.10;4;0.8149;Apr.79
61120;15:57:27;14572700;48.229.285;16.371.026;191.80;5;0.9630;Apr.77
61120;15:57:32;14573200;48.229.281;16.371.038;192.60;5;15.372;Feb.15
61120;15:57:37;14573700;48.229.324;16.370.986;193.50;5;20.372;Feb.14
61120;15:57:47;14574700;48.229.300;16.370.987;193.20;5;0.7593;Mar.14
61120;15:57:52;14575200;48.229.268;16.370.996;195.20;4;0.9630;Apr.67
61120;15:57:57;14575700;48.229.243;16.371.003;195.50;3;12.038;Mar.50
61120;15:58:07;14580700;48.229.237;16.371.029;195.50;4;0.5926;Apr.61
61120;15:58:12;14581200;48.229.253;16.371.118;195.50;4;33.892;Apr.59
61120;15:58:17;14581700;48.229.260;16.371.118;195.50;4;0.7038;Apr.57
61120;15:58:22;14582200;48.229.280;16.371.097;195.50;4;0.6667;Apr.56
61120;15:58:27;14582700;48.229.354;16.371.187;195.40;4;43.152;Apr.54
61120;15:58:53;14585300;48.229.167;16.370.899;195.40;5;0.7408;Apr.44
61120;15:58:58;14585800;48.229.120;16.370.900;195.50;4;0.3704;Apr.42
61120;15:59:03;14590300;48.229.163;16.370.869;195.40;4;30.188;Apr.41
61120;15:59:08;14590800;48.229.162;16.370.899;195.40;5;20.742;Apr.39
61120;15:59:13;14591300;48.229.108;16.370.917;195.30;4;0.8519;Apr.37
61120;15:59:18;14591800;48.229.111;16.370.892;195.40;3;10.742;Mar.41
61120;15:59:23;14592300;48.229.075;16.370.949;195.40;4;26.854;Mar.40
61120;15:59:28;14592800;48.229.049;16.370.877;195.40;4;14.075;Apr.32
61120;15:59:33;14593300;48.229.031;16.370.824;195.40;4;19.076;Apr.30
61120;15:59:38;14593800;48.229.044;16.370.836;195.40;5;0.4445;Apr.29
61120;15:59:43;14594300;48.229.046;16.370.850;195.40;4;0.5371;Apr.27
61120;15:59:48;14594800;48.229.122;16.370.841;195.70;5;17.038;02.Nov
61120;15:59:53;14595300;48.229.255;16.370.832;196.20;5;54.264;02.Oct
61120;15:59:58;14595800;48.229.314;16.370.902;196.30;5;43.707;02.Oct
61120;16:00:03;15000300;48.229.222;16.371.055;196.10;5;99.267;02.Oct
61120;16:00:08;15000800;48.229.252;16.371.187;195.10;5;34.632;Apr.19
61120;16:00:13;15001300;48.229.246;16.371.263;195.30;4;42.226;03.Jan
61120;16:00:18;15001800;48.229.245;16.371.348;195.00;5;34.818;02.Oct
61120;16:00:23;15002300;48.229.295;16.371.448;194.90;5;28.706;Apr.14
61120;16:00:28;15002800;48.229.325;16.371.483;194.80;5;0.6482;Apr.13
61120;16:00:33;15003300;48.229.356;16.371.515;194.40;5;0.9816;02.Sep
61120;16:00:38;15003800;48.229.353;16.371.587;193.50;5;16.298;02.Sep
61120;16:00:43;15004300;48.229.304;16.371.674;192.40;5;21.298;02.Sep
61120;16:00:48;15004800;48.229.293;16.371.706;191.30;5;0.2037;02.Sep
61120;16:00:53;15005300;48.229.350;16.371.678;190.50;5;36.299;02.Sep
61120;16:00:58;15005800;48.229.398;16.371.692;189.80;5;34.632;04.Apr
61120;16:01:03;15010300;48.229.449;16.371.734;188.70;5;44.263;02.Sep
61120;16:01:08;15010800;48.229.424;16.371.804;186.10;5;26.854;02.Aug
61120;16:01:13;15011300;48.229.448;16.371.789;183.20;5;13.890;02.Aug
61120;16:01:18;15011800;48.229.534;16.371.746;180.90;5;13.890;Mar.98
61120;16:01:23;15012300;48.229.572;16.371.663;179.50;5;30.002;Mar.97
61120;16:01:28;15012800;48.229.597;16.371.566;179.90;4;13.334;Mar.95
61120;16:01:33;15013300;48.229.633;16.371.500;177.80;5;0.9445;Mar.94
61120;16:01:38;15013800;48.229.675;16.371.378;182.30;5;13.149;02.Aug
61120;16:01:43;15014300;48.229.681;16.371.349;181.70;5;30.373;02.Aug
61120;16:01:48;15014800;48.229.687;16.371.375;181.70;5;30.188;02.Aug
61120;16:01:53;15015300;48.229.710;16.371.358;182.40;5;14.075;02.Jul
61120;16:01:58;15015800;48.229.702;16.371.335;181.50;5;10.742;02.Jul
61120;16:02:03;15020300;48.229.668;16.371.342;178.10;4;0.4815;Feb.21
61120;16:02:08;15020800;48.229.623;16.371.313;172.60;5;10.186;02.Jul
61120;16:02:13;15021300;48.229.559;16.371.287;163.40;5;21.668;Mar.83
61120;16:02:18;15021800;48.229.530;16.371.315;155.10;5;29.262;02.Jul
61120;16:02:23;15022300;48.229.490;16.371.309;146.70;5;0.5926;02.Jul
61120;16:02:28;15022800;48.229.454;16.371.275;137.60;5;0.3704;02.Jul
61120;16:02:33;15023300;48.229.406;16.371.234;128.40;5;0.6297;02.Jul
61120;16:02:33;15023300;48.229.406;16.371.234;128.40;5;0.6297;02.Jul
61120;16:02:33;15023300;48.229.406;16.371.234;128.40;5;0.6297;02.Jul
61120;16:02:33;15023300;48.229.406;16.371.234;128.40;5;0.6297;02.Jul
61120;16:02:33;15023300;48.229.406;16.371.234;128.40;5;0.6297;02.Jul
61120;16:02:33;15023300;48.229.406;16.371.234;128.40;5;0.6297;02.Jul
61120;16:02:33;15023300;48.229.406;16.371.234;128.40;5;0.6297;02.Jul
61120;16:02:33;15023300;48.229.406;16.371.234;128.40;5;0.6297;02.Jul
61120;16:02:33;15023300;48.229.406;16.371.234;128.40;5;0.6297;02.Jul
61120;16:03:16;15031600;48.230.010;16.371.512;157.20;5;31.299;02.Jun
61120;16:03:16;15031600;48.230.010;16.371.512;157.20;5;31.299;02.Jun
61120;16:03:16;15031600;48.230.010;16.371.512;157.20;5;31.299;02.Jun
61120;16:03:16;15031600;48.230.010;16.371.512;157.20;5;31.299;02.Jun
61120;16:03:16;15031600;48.230.010;16.371.512;157.20;5;31.299;02.Jun
61120;16:03:16;15031600;48.230.010;16.371.512;157.20;5;31.299;02.Jun
61120;16:03:16;15031600;48.230.010;16.371.512;157.20;5;31.299;02.Jun
61120;16:03:16;15031600;48.230.010;16.371.512;157.20;5;31.299;02.Jun
61120;16:03:16;15031600;48.230.010;16.371.512;157.20;5;31.299;02.Jun
61120;16:03:16;15031600;48.230.010;16.371.512;157.20;5;31.299;02.Jun
61120;16:03:16;15031600;48.230.010;16.371.512;157.20;5;31.299;02.Jun
61120;16:03:16;15031600;48.230.010;16.371.512;157.20;5;31.299;02.Jun
61120;16:03:16;15031600;48.230.010;16.371.512;157.20;5;31.299;02.Jun
61120;16:03:16;15031600;48.230.010;16.371.512;157.20;5;31.299;02.Jun
61120;16:03:16;15031600;48.230.010;16.371.512;157.20;5;31.299;02.Jun
61120;16:03:16;15031600;48.230.010;16.371.512;157.20;5;31.299;02.Jun
61120;16:03:16;15031600;48.230.010;16.371.512;157.20;5;31.299;02.Jun
61120;16:03:16;15031600;48.230.010;16.371.512;157.20;5;31.299;02.Jun
61120;16:03:16;15031600;48.230.010;16.371.512;157.20;5;31.299;02.Jun
61120;16:04:50;15045000;48.230.598;16.373.118;188.80;5;0.8334;02.Apr
61120;16:04:50;15045000;48.230.598;16.373.118;188.80;5;0.8334;02.Apr
61120;16:04:50;15045000;48.230.598;16.373.118;188.80;5;0.8334;02.Apr
61120;16:04:50;15045000;48.230.598;16.373.118;188.80;5;0.8334;02.Apr
61120;16:04:50;15045000;48.230.598;16.373.118;188.80;5;0.8334;02.Apr
61120;16:04:50;15045000;48.230.598;16.373.118;188.80;5;0.8334;02.Apr
61120;16:04:50;15045000;48.230.598;16.373.118;188.80;5;0.8334;02.Apr
61120;16:04:50;15045000;48.230.598;16.373.118;188.80;5;0.8334;02.Apr
61120;16:04:50;15045000;48.230.598;16.373.118;188.80;5;0.8334;02.Apr
61120;16:04:50;15045000;48.230.598;16.373.118;188.80;5;0.8334;02.Apr
61120;16:04:50;15045000;48.230.598;16.373.118;188.80;5;0.8334;02.Apr
61120;16:04:50;15045000;48.230.598;16.373.118;188.80;5;0.8334;02.Apr
61120;16:04:50;15045000;48.230.598;16.373.118;188.80;5;0.8334;02.Apr
61120;16:04:50;15045000;48.230.598;16.373.118;188.80;5;0.8334;02.Apr
61120;16:04:50;15045000;48.230.598;16.373.118;188.80;5;0.8334;02.Apr
61120;16:04:50;15045000;48.230.598;16.373.118;188.80;5;0.8334;02.Apr
61120;16:06:13;15061300;48.229.241;16.373.863;181.10;4;113.342;Mar.31
61120;16:06:18;15061800;48.229.260;16.373.772;180.80;3;68.339;Jun.80
61120;16:06:18;15061800;48.229.260;16.373.772;180.80;3;68.339;Jun.80
61120;16:06:18;15061800;48.229.260;16.373.772;180.80;3;68.339;Jun.80
61120;16:06:18;15061800;48.229.260;16.373.772;180.80;3;68.339;Jun.80
61120;16:06:18;15061800;48.229.260;16.373.772;180.80;3;68.339;Jun.80
61120;16:06:40;15064000;48.230.204;16.373.359;181.30;5;68.339;02.Feb
61120;16:06:40;15064000;48.230.204;16.373.359;181.30;5;68.339;02.Feb
61120;16:06:40;15064000;48.230.204;16.373.359;181.30;5;68.339;02.Feb
61120;16:06:40;15064000;48.230.204;16.373.359;181.30;5;68.339;02.Feb
61120;16:06:40;15064000;48.230.204;16.373.359;181.30;5;68.339;02.Feb
61120;16:06:40;15064000;48.230.204;16.373.359;181.30;5;68.339;02.Feb
61120;16:06:40;15064000;48.230.204;16.373.359;181.30;5;68.339;02.Feb
61120;16:07:18;15071800;48.230.475;16.373.299;182.40;5;36.299;02.Feb
61120;16:07:18;15071800;48.230.475;16.373.299;182.40;5;36.299;02.Feb
61120;16:07:18;15071800;48.230.475;16.373.299;182.40;5;36.299;02.Feb
61120;16:07:18;15071800;48.230.475;16.373.299;182.40;5;36.299;02.Feb
61120;16:07:18;15071800;48.230.475;16.373.299;182.40;5;36.299;02.Feb
61120;16:07:18;15071800;48.230.475;16.373.299;182.40;5;36.299;02.Feb
61120;16:07:18;15071800;48.230.475;16.373.299;182.40;5;36.299;02.Feb
61120;16:07:52;15075200;48.230.606;16.373.506;182.90;4;0.8704;Mar.14
61120;16:07:52;15075200;48.230.606;16.373.506;182.90;4;0.8704;Mar.14
61120;16:07:52;15075200;48.230.606;16.373.506;182.90;4;0.8704;Mar.14
61120;16:07:52;15075200;48.230.606;16.373.506;182.90;4;0.8704;Mar.14
61120;16:07:52;15075200;48.230.606;16.373.506;182.90;4;0.8704;Mar.14
61120;16:08:14;15081400;48.230.642;16.373.630;182.90;4;0.2222;Mar.14
61120;16:08:19;15081900;48.230.644;16.373.654;182.90;4;12.038;Mar.14
61120;16:08:24;15082400;48.230.629;16.373.717;182.90;4;25.187;Mar.14
61120;16:08:29;15082900;48.230.669;16.373.799;182.90;4;48.708;Mar.14
61120;16:08:34;15083400;48.230.687;16.373.891;182.90;4;31.854;Mar.14
61120;16:08:39;15083900;48.230.687;16.373.946;182.90;4;33.336;Mar.14
61120;16:08:39;15083900;48.230.687;16.373.946;182.90;4;33.336;Mar.14
61120;16:08:49;15084900;48.230.756;16.374.073;182.90;4;40.929;Mar.14
61120;16:08:54;15085400;48.230.750;16.374.101;182.90;4;0.5556;Mar.14
61120;16:09:02;15090200;48.230.742;16.374.137;174.70;5;0.9260;Feb.86
61120;16:09:04;15090400;48.230.740;16.374.144;174.70;5;0.9260;Feb.86
61120;16:09:09;15090900;48.230.815;16.374.139;174.70;5;12.223;Feb.86
61120;16:09:14;15091400;48.230.813;16.374.146;174.70;5;0.3519;Feb.86
61120;16:09:19;15091900;48.230.802;16.374.163;174.70;5;0.8519;Feb.86
61120;16:09:26;15092600;48.230.808;16.374.236;171.40;6;36.484;Jan.56
61120;16:09:29;15092900;48.230.839;16.374.279;171.40;6;39.077;Jan.56
61120;16:09:34;15093400;48.230.877;16.374.340;171.40;6;21.854;Jan.56
61120;16:09:39;15093900;48.230.904;16.374.387;171.40;6;35.003;Jan.56
61120;16:09:44;15094400;48.230.901;16.374.467;171.40;6;22.965;Jan.56
61120;16:09:49;15094900;48.230.928;16.374.558;171.40;6;44.263;Jan.56
61120;16:09:54;15095400;48.230.997;16.374.552;171.40;6;56.671;Jan.56
61120;16:09:59;15095900;48.231.030;16.374.619;171.40;6;60.746;Jan.56
61120;16:10:04;15100400;48.231.064;16.374.702;171.40;6;31.114;Jan.56
61120;16:10:09;15100900;48.231.073;16.374.785;171.40;6;23.706;Jan.56
61120;16:10:14;15101400;48.231.049;16.374.883;171.40;6;35.744;Jan.56
61120;16:10:19;15101900;48.230.990;16.374.963;171.40;6;36.299;Jan.56
61120;16:10:27;15102700;48.230.933;16.375.113;169.70;6;34.447;Jan.56
61120;16:10:29;15102900;48.230.924;16.375.133;169.70;6;22.780;Jan.56
61120;16:10:34;15103400;48.230.870;16.375.189;169.70;6;35.558;Jan.56
61120;16:10:39;15103900;48.230.820;16.375.223;169.70;6;25.372;Jan.56
61120;16:10:44;15104400;48.230.724;16.375.346;169.70;6;41.114;Jan.56
61120;16:10:49;15104900;48.230.663;16.375.414;169.70;6;23.520;Jan.56
61120;16:10:57;15105700;48.230.563;16.375.514;178.10;6;32.780;02.Jan
61120;16:10:59;15105900;48.230.543;16.375.549;178.10;6;34.632;02.Jan
61120;16:11:04;15110400;48.230.555;16.375.551;178.10;6;15.186;02.Jan
61120;16:11:09;15110900;48.230.580;16.375.554;178.10;6;0.7593;02.Jan
61120;16:11:14;15111400;48.230.527;16.375.524;178.10;6;43.337;02.Jan
61120;16:11:19;15111900;48.230.482;16.375.448;178.10;6;57.597;02.Jan
61120;16:11:24;15112400;48.230.521;16.375.409;178.10;6;36.670;02.Jan
61120;16:11:29;15112900;48.230.661;16.375.441;178.10;6;73.339;02.Jan
61120;16:11:34;15113400;48.230.703;16.375.441;178.10;6;68.339;02.Jan
61120;16:11:39;15113900;48.230.795;16.375.279;178.10;6;58.708;02.Jan
61120;16:11:44;15114400;48.230.803;16.375.202;178.10;6;35.373;02.Jan
61120;16:11:49;15114900;48.230.825;16.375.148;178.10;6;23.891;02.Jan
61120;16:11:54;15115400;48.230.860;16.375.127;178.10;6;0.6482;02.Jan
61120;16:11:59;15115900;48.230.878;16.375.109;178.10;6;0.4445;02.Jan
61120;16:12:04;15120400;48.230.897;16.375.104;178.10;6;0.1667;02.Jan
61120;16:12:09;15120900;48.230.890;16.375.106;178.10;6;0.7593;02.Jan
61120;16:12:14;15121400;48.230.899;16.375.104;178.10;6;0.3889;02.Jan
61120;16:12:20;15122000;48.230.911;16.375.095;178.10;6;0.4260;02.Jan
61120;16:12:24;15122400;48.230.914;16.375.087;178.10;6;0.7038;02.Jan
61120;16:12:29;15122900;48.230.925;16.375.078;178.10;6;0.3519;02.Jan
61120;16:12:34;15123400;48.230.928;16.375.072;178.10;6;0.6852;02.Jan
61120;16:12:39;15123900;48.230.941;16.375.062;178.10;6;0.5371;02.Jan
61120;16:12:44;15124400;48.230.945;16.375.083;178.10;6;17.779;02.Jan
61120;16:12:54;15125400;48.230.928;16.375.182;178.10;6;36.484;02.Jan
61120;16:12:59;15125900;48.230.944;16.375.226;178.10;6;23.520;02.Jan
61120;16:13:04;15130400;48.230.934;16.375.270;178.10;6;20.187;02.Jan
61120;16:13:09;15130900;48.230.987;16.375.324;178.10;6;21.668;02.Jan
61120;16:13:12;15131200;48.230.922;16.375.385;182.10;6;48.522;Jan.55
61120;16:13:14;15131400;48.230.867;16.375.440;182.10;6;80.192;Jan.55
61120;16:13:24;15132400;48.230.643;16.375.517;182.10;6;54.264;Jan.55
61120;16:13:29;15132900;48.230.901;16.375.208;182.10;6;21.298;Jan.55
61120;16:13:34;15133400;48.230.998;16.375.118;182.10;6;25.743;Jan.55
61120;16:13:39;15133900;48.231.011;16.375.074;182.10;6;0.8704;Jan.55
61120;16:13:44;15134400;48.231.032;16.375.047;182.10;6;0.6482;Jan.55
61120;16:13:49;15134900;48.231.041;16.374.978;182.10;6;35.188;Jan.55
61120;16:13:54;15135400;48.231.038;16.374.896;182.10;6;27.780;Jan.55
61120;16:13:59;15135900;48.231.072;16.374.850;182.10;6;17.594;Jan.55
61120;16:14:04;15140400;48.231.097;16.374.832;182.10;6;25.928;Jan.55
61120;16:14:09;15140900;48.231.050;16.374.817;179.30;6;16.112;Jan.54
61120;16:14:14;15141400;48.231.057;16.374.745;179.30;6;11.112;Jan.54
61120;16:14:19;15141900;48.231.141;16.374.737;179.30;6;29.632;Jan.54
61120;16:14:24;15142400;48.231.213;16.374.737;179.30;6;33.336;Jan.54
61120;16:14:29;15142900;48.231.329;16.374.692;179.30;6;66.672;Jan.54
61120;16:14:34;15143400;48.231.377;16.374.666;179.30;6;29.817;Jan.54
61120;16:14:39;15143900;48.231.459;16.374.690;179.30;6;42.040;Jan.54
61120;16:14:44;15144400;48.231.522;16.374.718;179.30;6;26.113;Jan.54
61120;16:14:49;15144900;48.231.622;16.374.685;179.30;6;53.708;Jan.54
61120;16:14:54;15145400;48.231.691;16.374.677;179.30;6;40.559;Jan.54
61120;16:14:59;15145900;48.231.777;16.374.679;176.90;4;50.004;Feb.64
61120;16:15:04;15150400;48.231.801;16.374.683;176.90;4;23.150;Feb.64
61120;16:15:09;15150900;48.231.836;16.374.674;176.90;4;16.853;Feb.64
61120;16:15:14;15151400;48.231.856;16.374.658;176.90;4;12.408;Feb.64
61120;16:15:19;15151900;48.231.866;16.374.653;173.80;4;16.853;Feb.62
61120;16:15:24;15152400;48.231.898;16.374.659;173.80;4;31.854;Feb.62
61120;16:15:29;15152900;48.231.976;16.374.661;173.80;4;63.524;Feb.62
61120;16:15:34;15153400;48.232.018;16.374.660;173.80;4;30.188;Feb.62
61120;16:15:39;15153900;48.232.038;16.374.665;173.80;4;13.334;Feb.62
61120;16:15:44;15154400;48.232.067;16.374.678;173.80;4;20.002;Feb.62
61120;16:15:49;15154900;48.232.110;16.374.691;173.80;4;21.298;Feb.62
61120;16:15:54;15155400;48.232.193;16.374.682;173.80;4;40.188;Feb.62
61120;16:15:59;15155900;48.232.172;16.374.716;173.80;4;0.3519;Feb.62
61120;16:16:04;15160400;48.232.173;16.374.737;173.80;4;12.223;Feb.62
61120;16:16:09;15160900;48.232.177;16.374.795;173.80;4;0.3704;Feb.62
61120;16:16:14;15161400;48.232.184;16.374.897;173.80;4;0.3704;Feb.62
61120;16:16:19;15161900;48.232.181;16.374.923;168.40;6;0.5371;Jan.49
61120;16:16:24;15162400;48.232.178;16.374.934;170.40;5;0.3334;Jan.66
61120;16:16:29;15162900;48.232.179;16.374.913;174.50;7;15.557;Jan.66
61120;16:16:34;15163400;48.232.192;16.374.897;183.90;5;0.9260;Jan.61
61120;16:16:39;15163900;48.232.209;16.374.888;182.00;5;23.335;Feb.41
61120;16:16:44;15164400;48.232.211;16.374.926;185.20;6;47.596;Jan.49
61120;16:16:49;15164900;48.232.262;16.374.878;188.40;7;14.816;Jan.49
61120;16:16:54;15165400;48.232.325;16.374.752;185.50;7;33.336;Jan.50
61120;16:16:59;15165900;48.232.309;16.374.550;189.40;7;65.190;Jan.31
61120;16:17:04;15170400;48.232.302;16.374.458;193.10;7;32.780;Jan.49
61120;16:17:09;15170900;48.232.288;16.374.378;194.40;6;46.115;Jan.47
61120;16:17:14;15171400;48.232.299;16.374.234;195.00;7;91.674;Jan.50
61120;16:17:19;15171900;48.232.303;16.374.136;195.00;6;47.782;Jan.47
61120;16:17:24;15172400;48.232.298;16.374.043;196.70;7;48.152;Jan.31
61120;16:17:29;15172900;48.232.288;16.373.938;198.50;7;35.558;Jan.47
61120;16:17:34;15173400;48.232.311;16.373.872;198.10;6;32.595;Jan.47
61120;16:17:39;15173900;48.232.311;16.373.786;199.90;6;31.299;Jan.47
61120;16:17:44;15174400;48.232.300;16.373.714;201.20;5;19.076;Jan.51
61120;16:17:49;15174900;48.232.271;16.373.638;201.50;6;35.373;Jan.47
61120;16:17:54;15175400;48.232.249;16.373.592;201.90;6;0.6667;Jan.47
61120;16:17:59;15175900;48.232.195;16.373.600;198.90;6;22.594;02.Mar
61120;16:18:04;15180400;48.232.100;16.373.603;197.00;5;22.594;02.Mar
61120;16:18:09;15180900;48.232.035;16.373.612;195.80;5;22.594;Jan.51
61120;16:18:14;15181400;48.231.941;16.373.633;195.80;5;52.226;Jan.51
61120;16:18:16;15181600;48.231.913;16.373.650;195.80;5;49.078;Jan.51
61120;16:18:16;15181600;48.231.913;16.373.650;195.80;5;49.078;Jan.51
61120;16:18:16;15181600;48.231.913;16.373.650;195.80;5;49.078;Jan.51
61120;16:18:16;15181600;48.231.913;16.373.650;195.80;5;49.078;Jan.51
61120;16:18:16;15181600;48.231.913;16.373.650;195.80;5;49.078;Jan.51
61120;16:18:16;15181600;48.231.913;16.373.650;195.80;5;49.078;Jan.51
61120;16:18:16;15181600;48.231.913;16.373.650;195.80;5;49.078;Jan.51